index,time,open,high,low,close,volume
131,2023-10-02 10:00:00,172.4950,173.5970,172.3540,172.5670,8714162
130,2023-10-02 11:00:00,172.5650,173.8560,172.4590,172.6380,6202128
129,2023-10-02 12:00:00,172.6450,173.0880,172.3740,172.7380,4269957
128,2023-10-02 13:00:00,172.7400,173.1380,172.2840,172.6880,3671891
127,2023-10-02 14:00:00,172.6850,173.2680,172.1650,172.4490,4228157
126,2023-10-02 15:00:00,172.4350,173.3380,172.0880,173.3060,9337720
125,2023-10-03 10:00:00,172.8240,172.8590,170.3790,171.0720,9160387
124,2023-10-03 11:00:00,171.0590,171.5470,170.9180,171.3110,5209702
123,2023-10-03 12:00:00,171.3070,172.2510,171.2470,172.1190,4973654
122,2023-10-03 13:00:00,172.1060,172.3650,171.3070,171.5310,3932914
121,2023-10-03 14:00:00,171.5280,171.9610,171.1090,171.8300,4156232
120,2023-10-03 15:00:00,171.8170,172.0810,171.3370,172.0200,8990645
119,2023-10-04 10:00:00,172.0360,173.0490,171.4270,172.0100,10049156
118,2023-10-04 11:00:00,171.9970,172.7090,171.4170,172.6980,5713454
117,2023-10-04 12:00:00,172.6950,172.8490,172.3640,172.6680,3607555
116,2023-10-04 13:00:00,172.6550,172.6890,172.0150,172.0790,3514243
115,2023-10-04 14:00:00,172.0710,172.6990,171.9050,172.6370,3534332
114,2023-10-04 15:00:00,172.6450,173.7670,172.5840,173.2170,11361156
113,2023-10-05 10:00:00,173.4230,173.4330,172.2350,172.5580,7213443
112,2023-10-05 11:00:00,172.5550,173.3880,172.3840,173.0370,5927986
111,2023-10-05 12:00:00,173.0390,173.5870,172.9130,173.5030,4810814
110,2023-10-05 13:00:00,173.4970,174.5850,173.1970,174.4430,5704070
109,2023-10-05 14:00:00,174.4300,175.0040,174.2990,174.8820,5262443
108,2023-10-05 15:00:00,174.8840,174.9440,174.3890,174.5230,7008528
107,2023-10-06 10:00:00,173.5920,174.8340,172.9030,174.6830,8150237
106,2023-10-06 11:00:00,174.6820,176.3900,174.6380,176.3470,7569166
105,2023-10-06 12:00:00,176.3400,176.5990,175.8550,176.3680,5562087
104,2023-10-06 13:00:00,176.3750,176.9390,176.2340,176.8270,4884325
103,2023-10-06 14:00:00,176.8190,177.2540,176.6730,177.0870,4206125
102,2023-10-06 15:00:00,177.0780,177.5370,176.9420,177.0370,10472751
101,2023-10-09 10:00:00,176.7240,176.9090,175.7460,175.9200,5643896
100,2023-10-09 11:00:00,175.9110,176.7790,175.7360,176.7430,4378737
99,2023-10-09 12:00:00,176.7440,177.6170,176.7230,177.1460,4204806
98,2023-10-09 13:00:00,177.1530,178.3350,177.1020,178.2640,4095296
97,2023-10-09 14:00:00,178.2600,178.5840,177.9600,178.4310,4934020
96,2023-10-09 15:00:00,178.4300,178.5940,177.2520,178.5430,7552111
95,2023-10-10 10:00:00,178.1710,178.9730,177.8900,178.8620,6376259
94,2023-10-10 11:00:00,178.8690,179.2230,178.6680,179.1060,4425046
93,2023-10-10 12:00:00,179.0980,179.2630,178.8870,179.0520,2802223
92,2023-10-10 13:00:00,179.0380,179.1870,177.5810,177.8200,5701802
91,2023-10-10 14:00:00,177.8120,178.1750,177.4910,177.7200,4464779
90,2023-10-10 15:00:00,177.7170,178.4550,177.6110,177.9540,8197017
89,2023-10-11 10:00:00,177.4720,178.8240,177.2120,178.6430,7081633
88,2023-10-11 11:00:00,178.6390,178.8640,177.9850,178.2520,5177557
87,2023-10-11 12:00:00,178.2500,178.2850,177.8100,178.1690,3535720
86,2023-10-11 13:00:00,178.1810,178.2870,177.8700,178.1740,2995259
85,2023-10-11 14:00:00,178.1610,178.9240,178.1290,178.6280,5718577
84,2023-10-11 15:00:00,178.6170,179.3920,178.5780,179.2910,8195703
83,2023-10-12 10:00:00,180.4650,181.6860,180.3440,181.5950,11185128
82,2023-10-12 11:00:00,181.5970,181.8760,179.9250,181.4750,6651272
81,2023-10-12 12:00:00,181.4720,181.8260,181.3220,181.4900,4669794
80,2023-10-12 13:00:00,181.4870,181.5970,179.4960,179.5250,6094376
79,2023-10-12 14:00:00,179.5270,179.6720,178.5780,179.3510,5993265
78,2023-10-12 15:00:00,179.3580,180.3550,179.2660,180.2690,8594599
77,2023-10-13 10:00:00,180.6840,180.7990,178.9070,179.1660,7695627
76,2023-10-13 11:00:00,179.1580,179.2330,178.0100,178.1540,6502812
75,2023-10-13 12:00:00,178.1410,179.0130,178.0700,178.6030,4443634
74,2023-10-13 13:00:00,178.5990,178.6490,177.6810,178.3630,5331669
73,2023-10-13 14:00:00,178.3600,179.0830,178.2290,178.8820,5123742
72,2023-10-13 15:00:00,178.8690,179.2830,178.0600,178.4130,8646197
71,2023-10-16 10:00:00,177.3530,178.3950,176.8830,178.3630,7384903
70,2023-10-16 11:00:00,178.3600,178.6190,176.2740,177.5750,5149832
69,2023-10-16 12:00:00,177.5770,177.6070,176.8230,177.0970,5116479
68,2023-10-16 13:00:00,177.0930,177.7660,176.3940,177.6950,5392995
67,2023-10-16 14:00:00,177.6920,178.0960,177.3610,178.0710,4353753
66,2023-10-16 15:00:00,178.0710,178.5440,177.7800,178.2190,9525732
65,2023-10-17 10:00:00,174.8940,176.7790,174.8280,176.2090,9822885
64,2023-10-17 11:00:00,176.2110,177.3920,176.0360,177.2760,5853039
63,2023-10-17 12:00:00,177.2730,177.9660,177.1720,177.7350,4625756
62,2023-10-17 13:00:00,177.7420,177.8960,176.4940,176.7080,5073092
61,2023-10-17 14:00:00,176.7140,177.0880,175.9100,176.1690,6110014
60,2023-10-17 15:00:00,176.1660,176.8490,175.9900,176.6880,9374889
59,2023-10-18 10:00:00,176.1310,177.1230,175.3020,175.6900,9002430
58,2023-10-18 11:00:00,175.6870,176.9490,175.6660,176.5680,5610314
57,2023-10-18 12:00:00,176.5600,177.0780,175.8050,175.9300,4832114
56,2023-10-18 13:00:00,175.9170,176.9190,175.7650,176.3090,5527250
55,2023-10-18 14:00:00,176.2960,176.6790,175.7750,175.9700,4603527
54,2023-10-18 15:00:00,175.9660,175.9910,174.6580,175.3910,9312050
53,2023-10-19 10:00:00,176.3950,176.8790,175.7060,176.0140,6478644
52,2023-10-19 11:00:00,176.0060,176.2700,175.1820,176.0290,5361342
51,2023-10-19 12:00:00,176.0190,177.3100,175.0070,176.6040,9591483
50,2023-10-19 13:00:00,176.6050,177.3870,176.1050,176.3290,5507470
49,2023-10-19 14:00:00,176.3050,176.5700,175.0670,175.1720,5074602
48,2023-10-19 15:00:00,175.1730,175.6120,174.7380,175.0020,8555761
47,2023-10-20 10:00:00,174.6550,174.8740,172.8930,172.9220,9635478
46,2023-10-20 11:00:00,172.9140,173.2380,172.1950,173.1970,7922047
45,2023-10-20 12:00:00,173.2030,173.9160,172.9530,173.8700,5331644
44,2023-10-20 13:00:00,173.8720,174.2750,173.4390,173.8600,5184147
43,2023-10-20 14:00:00,173.8520,173.9460,172.8080,173.0670,4993615
42,2023-10-20 15:00:00,173.0840,173.3130,172.3540,172.3990,9782522
41,2023-10-23 10:00:00,170.9290,171.7920,170.6490,171.7700,8678931
40,2023-10-23 11:00:00,171.7770,172.5450,171.5760,172.1390,5730629
39,2023-10-23 12:00:00,172.1560,173.1780,171.8360,173.1570,5361123
38,2023-10-23 13:00:00,173.1640,173.5670,172.6670,173.0780,4862502
37,2023-10-23 14:00:00,173.0740,173.3710,172.6920,173.0570,4367898
36,2023-10-23 15:00:00,173.0540,173.2830,172.2750,172.5180,8207699
35,2023-10-24 10:00:00,172.3110,172.4500,171.3670,172.0890,7416692
34,2023-10-24 11:00:00,172.0860,172.3400,171.6860,172.2990,4500762
33,2023-10-24 12:00:00,172.3160,172.5800,171.0080,171.3210,4411522
32,2023-10-24 13:00:00,171.3180,171.9260,171.2570,171.6610,3382776
31,2023-10-24 14:00:00,171.6570,172.7340,171.6160,172.6780,4011325
30,2023-10-24 15:00:00,172.6750,173.2280,172.5890,172.9470,8264508
29,2023-10-25 10:00:00,170.8400,172.5200,170.3890,171.7050,9346022
28,2023-10-25 11:00:00,171.7020,172.6200,171.2720,171.3010,5997323
27,2023-10-25 12:00:00,171.2980,171.5620,170.8880,171.4810,4488415
26,2023-10-25 13:00:00,171.4780,171.6120,170.3300,170.6880,5266938
25,2023-10-25 14:00:00,170.6800,171.1830,170.4990,170.6530,4262404
24,2023-10-25 15:00:00,170.6550,170.9940,170.2100,170.6530,9740921
23,2023-10-26 10:00:00,169.3430,170.0740,167.4570,167.8850,11204895
22,2023-10-26 11:00:00,167.8770,167.9860,166.0900,166.8410,9486373
21,2023-10-26 12:00:00,166.8300,166.8940,165.5220,165.6510,7161722
20,2023-10-26 13:00:00,165.6480,166.4600,165.2430,166.3440,6193698
19,2023-10-26 14:00:00,166.3410,167.2830,166.2500,167.2570,6612049
18,2023-10-26 15:00:00,167.2490,168.3500,165.9460,166.3340,11246895
17,2023-10-27 10:00:00,167.4480,168.3410,166.9580,168.0050,8077657
16,2023-10-27 11:00:00,168.0070,168.5300,167.5870,167.9400,5001115
15,2023-10-27 12:00:00,167.9170,168.0610,166.8590,166.9920,3764885
14,2023-10-27 13:00:00,166.9990,167.4830,166.4000,167.2320,6171175
13,2023-10-27 14:00:00,167.2190,167.8020,166.8680,167.1920,5975788
12,2023-10-27 15:00:00,167.1890,167.9120,167.0580,167.8550,9278908
11,2023-10-30 10:00:00,170.1910,170.4650,168.7740,169.0090,8695022
10,2023-10-30 11:00:00,169.0040,169.7670,168.9880,169.4860,4714878
9,2023-10-30 12:00:00,169.4730,169.5670,168.6140,168.9380,3740315
8,2023-10-30 13:00:00,168.9340,169.9660,168.7470,169.8450,4449841
7,2023-10-30 14:00:00,169.8420,170.3850,169.6960,170.0650,4599782
6,2023-10-30 15:00:00,170.0620,170.2360,169.4020,169.7950,9716378
5,2023-10-31 10:00:00,168.1170,169.4380,167.8860,169.2770,6722328
4,2023-10-31 11:00:00,169.2740,169.3830,168.4100,169.3270,4663675
3,2023-10-31 12:00:00,169.3130,169.6370,168.8330,169.5620,3893062
2,2023-10-31 13:00:00,169.5730,170.3150,169.3320,170.2090,4208612
1,2023-10-31 14:00:00,170.2010,170.3060,169.4930,170.0950,3421217
0,2023-10-31 15:00:00,170.1010,170.4650,169.9410,170.3340,6391521
257,2023-11-01 10:00:00,170.6670,171.6370,170.3370,171.0150,8625115
256,2023-11-01 11:00:00,171.0160,171.5570,170.5570,171.5060,4493756
255,2023-11-01 12:00:00,171.5000,171.7370,171.1650,171.5910,3396539
254,2023-11-01 13:00:00,171.5900,171.9360,171.3250,171.7450,3651859
253,2023-11-01 14:00:00,171.7540,172.8240,171.4640,172.7530,8449898
252,2023-11-01 15:00:00,172.7420,173.7820,172.7310,173.4610,12112444
251,2023-11-02 10:00:00,175.8940,177.0830,175.0650,176.9820,9446542
250,2023-11-02 11:00:00,176.9810,177.2030,175.9810,176.3420,7467359
249,2023-11-02 12:00:00,176.3430,176.8590,175.9530,176.5180,6666688
248,2023-11-02 13:00:00,176.5120,177.1530,175.7680,176.8520,5125012
247,2023-11-02 14:00:00,176.8410,177.0430,176.6310,176.9970,5440823
246,2023-11-02 15:00:00,176.9910,177.3220,176.7110,177.3210,14618928
245,2023-11-03 10:00:00,174.9060,175.4870,173.7540,175.2660,13437048
244,2023-11-03 11:00:00,175.2700,175.3370,174.1470,174.9770,7267699
243,2023-11-03 12:00:00,174.9860,176.0360,174.8550,175.7440,7425003
242,2023-11-03 13:00:00,175.7240,175.9660,173.8180,175.1070,5559941
241,2023-11-03 14:00:00,175.1060,175.7860,174.6160,175.6550,5772564
240,2023-11-03 15:00:00,175.6540,176.3650,175.3940,176.1740,10561078
239,2023-11-06 10:00:00,178.1280,178.5990,177.4390,178.2930,9569604
238,2023-11-06 11:00:00,178.2870,178.9680,178.2570,178.7970,6799666
237,2023-11-06 12:00:00,178.7910,178.8040,178.1770,178.4280,4605871
236,2023-11-06 13:00:00,178.4270,178.4330,177.5490,177.8900,4777940
235,2023-11-06 14:00:00,177.8980,178.7590,177.6580,178.7470,4825856
234,2023-11-06 15:00:00,178.7460,178.8680,178.2370,178.8270,9287753
233,2023-11-07 10:00:00,179.7240,180.8030,179.6730,180.7470,9733906
232,2023-11-07 11:00:00,180.7460,181.1720,180.6110,181.0010,6287323
231,2023-11-07 12:00:00,181.0100,181.1230,180.0520,181.1060,7121512
230,2023-11-07 13:00:00,181.1100,181.9700,181.0540,181.8990,6979732
229,2023-11-07 14:00:00,181.8980,181.9600,181.4290,181.5700,4694482
228,2023-11-07 15:00:00,181.5790,181.8710,181.0790,181.4100,11025536
227,2023-11-08 10:00:00,182.5070,182.8580,181.8130,182.1080,8513414
226,2023-11-08 11:00:00,182.1130,182.3790,181.5280,181.5400,5442428
225,2023-11-08 12:00:00,181.5490,181.8210,181.1190,181.6800,4418397
224,2023-11-08 13:00:00,181.6890,182.2770,181.5280,182.1220,3483346
223,2023-11-08 14:00:00,182.1180,182.4190,181.8970,181.9590,3729429
222,2023-11-08 15:00:00,181.9580,182.5390,181.9370,182.4180,8050420
221,2023-11-09 10:00:00,182.8160,182.9430,182.0070,182.8860,6698792
220,2023-11-09 11:00:00,182.8760,183.6460,182.8500,183.4950,6760565
219,2023-11-09 12:00:00,183.4940,183.5410,183.0340,183.4550,4000808
218,2023-11-09 13:00:00,183.4540,183.4960,182.2160,182.6460,7529615
217,2023-11-09 14:00:00,182.6360,182.6390,181.6880,181.9040,5347700
216,2023-11-09 15:00:00,181.8980,182.0100,181.3390,181.9690,8493004
215,2023-11-10 10:00:00,183.9360,184.2570,183.2960,184.0860,7904978
214,2023-11-10 11:00:00,184.0960,184.7070,184.0650,184.4960,5488732
213,2023-11-10 12:00:00,184.4950,185.1960,184.4250,185.0490,6356120
212,2023-11-10 13:00:00,185.0450,185.5960,184.9240,185.5040,5270233
211,2023-11-10 14:00:00,185.5140,185.7400,185.3180,185.3450,5540019
210,2023-11-10 15:00:00,185.3490,186.3300,185.3430,186.1030,13085053
209,2023-11-13 10:00:00,184.3650,184.7370,183.9750,184.4110,6874614
208,2023-11-13 11:00:00,184.4050,184.9060,184.4050,184.5550,4990265
207,2023-11-13 12:00:00,184.5550,184.6670,184.1550,184.5850,4264839
206,2023-11-13 13:00:00,184.5850,184.7570,184.2250,184.4880,2841196
205,2023-11-13 14:00:00,184.4930,184.7770,184.3650,184.7150,2903676
204,2023-11-13 15:00:00,184.7050,184.8460,184.3750,184.5350,6751761
203,2023-11-14 10:00:00,187.0270,187.2830,186.6120,186.7880,7207202
202,2023-11-14 11:00:00,186.7920,186.9240,186.1720,186.4230,4774016
201,2023-11-14 12:00:00,186.4230,187.2230,186.3720,187.1920,4269147
200,2023-11-14 13:00:00,187.2020,187.2630,186.8710,186.9530,3958982
199,2023-11-14 14:00:00,186.9620,187.7530,186.5820,187.6670,6121336
198,2023-11-14 15:00:00,187.6610,187.8730,186.9710,187.2020,10607063
197,2023-11-15 10:00:00,187.9860,189.0010,187.6100,188.9350,7729482
196,2023-11-15 11:00:00,188.9350,189.2610,188.3700,188.5190,6684935
195,2023-11-15 12:00:00,188.5200,188.9310,188.2900,188.5600,4292252
194,2023-11-15 13:00:00,188.5500,188.8410,188.2250,188.7000,3896888
193,2023-11-15 14:00:00,188.7100,188.7220,187.9300,188.0740,3898657
192,2023-11-15 15:00:00,188.0810,188.3220,187.5410,187.8510,8079238
191,2023-11-16 10:00:00,190.4430,190.6090,188.7690,189.2150,8430058
190,2023-11-16 11:00:00,189.2190,189.3310,188.4790,189.0500,5630495
189,2023-11-16 12:00:00,189.0490,189.7400,188.9490,189.5140,4158160
188,2023-11-16 13:00:00,189.5190,189.5410,188.4090,189.0400,3876214
187,2023-11-16 14:00:00,189.0440,189.4960,188.9740,189.3340,3886642
186,2023-11-16 15:00:00,189.3290,189.6630,189.0890,189.5290,7958139
185,2023-11-17 10:00:00,189.5290,189.5410,188.3300,189.3300,8322411
184,2023-11-17 11:00:00,189.3290,189.3610,188.5790,189.0050,4531291
183,2023-11-17 12:00:00,189.0050,189.2210,188.6490,189.0100,3217696
182,2023-11-17 13:00:00,189.0100,189.5010,188.8440,189.2980,3250004
181,2023-11-17 14:00:00,189.2990,189.7300,189.2930,189.7290,3773250
180,2023-11-17 15:00:00,189.7290,189.9400,189.2780,189.4690,8444496
179,2023-11-20 10:00:00,190.9770,191.1270,190.1870,190.8700,6387227
178,2023-11-20 11:00:00,190.8770,191.1290,190.7670,191.0770,4002881
177,2023-11-20 12:00:00,191.0770,191.3080,190.8360,190.9070,3354819
176,2023-11-20 13:00:00,190.9170,191.5580,190.8860,191.4390,4773891
175,2023-11-20 14:00:00,191.4410,191.5280,191.0860,191.3470,3445650
174,2023-11-20 15:00:00,191.3470,191.6630,190.9160,191.2570,7620568
173,2023-11-21 10:00:00,190.5930,191.2190,189.8280,190.0060,6697967
172,2023-11-21 11:00:00,190.0080,191.2190,189.4980,189.9800,4067258
171,2023-11-21 12:00:00,189.9930,190.3550,189.8480,190.2880,3209508
170,2023-11-21 13:00:00,190.2870,190.3600,189.7980,190.1780,2948341
169,2023-11-21 14:00:00,190.1680,190.3750,189.9480,190.2760,3066436
168,2023-11-21 15:00:00,190.2680,190.4890,190.0470,190.4080,7424441
167,2023-11-22 10:00:00,191.6760,192.1270,191.1460,191.2070,6286072
166,2023-11-22 11:00:00,191.2120,191.6230,191.1960,191.4190,3527773
165,2023-11-22 12:00:00,191.4210,191.7180,191.3060,191.6610,3498256
164,2023-11-22 13:00:00,191.6560,191.8480,191.2860,191.3870,3611173
163,2023-11-22 14:00:00,191.3770,191.4680,190.5820,191.1070,3764292
162,2023-11-22 15:00:00,191.1070,191.7430,190.9760,191.0570,5284339
161,2023-11-24 10:00:00,189.7490,189.8500,189.0090,189.2440,5631990
160,2023-11-24 11:00:00,189.2490,189.5490,189.1090,189.3590,4462012
159,2023-11-24 12:00:00,189.3590,189.7600,189.2580,189.7390,5335886
158,2023-11-24 13:00:00,189.7290,189.8000,189.4530,189.6590,6463567
157,2023-11-24 14:00:00,189.6590,197.7740,177.7500,189.7040,44110
156,2023-11-24 15:00:00,189.7040,189.8500,189.6780,189.7490,9335
155,2023-11-27 10:00:00,189.0100,189.6700,188.7690,189.0950,4968404
154,2023-11-27 11:00:00,189.0890,190.1800,188.8040,190.0290,4747727
153,2023-11-27 12:00:00,190.0280,190.2700,189.9620,190.2080,3095502
152,2023-11-27 13:00:00,190.2170,190.4290,189.7780,189.8790,3402434
151,2023-11-27 14:00:00,189.8880,189.9500,189.2780,189.6440,2710243
150,2023-11-27 15:00:00,189.6440,189.8200,189.3630,189.5390,6265348
149,2023-11-28 10:00:00,189.4740,190.3700,189.4730,189.9040,5977932
148,2023-11-28 11:00:00,189.9030,190.8390,189.8380,190.4680,4426586
147,2023-11-28 12:00:00,190.4730,190.5690,189.9820,190.0580,2832013
146,2023-11-28 13:00:00,190.0580,190.0600,189.5180,189.6690,3878631
145,2023-11-28 14:00:00,189.6740,189.8700,189.4180,189.7940,3210302
144,2023-11-28 15:00:00,189.8090,190.1600,189.3430,190.1480,6600662
143,2023-11-29 10:00:00,191.4960,191.5780,190.3570,190.6830,5818225
142,2023-11-29 11:00:00,190.6920,190.7140,189.6680,189.6790,4948698
141,2023-11-29 12:00:00,189.6790,189.7600,189.2780,189.4610,3149321
140,2023-11-29 13:00:00,189.4690,189.5160,188.9390,189.2250,3025200
139,2023-11-29 14:00:00,189.2290,189.2610,188.8090,189.0900,3079225
138,2023-11-29 15:00:00,189.0890,189.2060,188.7290,189.1100,6258348
137,2023-11-30 10:00:00,188.9700,189.1110,188.1000,188.5200,6124985
136,2023-11-30 11:00:00,188.5100,188.6810,187.9500,188.0010,3838348
135,2023-11-30 12:00:00,188.0110,188.5210,187.9500,188.4630,2910399
134,2023-11-30 13:00:00,188.4600,188.5300,188.0300,188.2710,2639605
133,2023-11-30 14:00:00,188.2700,188.9710,188.2600,188.9350,3056376
132,2023-11-30 15:00:00,188.9350,189.9600,188.4490,189.7090,9085694
377,2023-12-01 10:00:00,189.7290,190.2600,189.6710,190.0980,6038292
376,2023-12-01 11:00:00,190.1080,191.0090,189.9380,190.7980,6609219
375,2023-12-01 12:00:00,190.8020,191.2980,190.7170,191.2550,3739484
374,2023-12-01 13:00:00,191.2570,191.3180,190.5770,190.9270,3342601
373,2023-12-01 14:00:00,190.9370,191.0990,190.6670,191.0370,3093770
372,2023-12-01 15:00:00,191.0220,191.1390,189.6430,191.0170,7760007
371,2023-12-04 10:00:00,189.1590,189.4010,187.5110,187.7910,7536712
370,2023-12-04 11:00:00,187.7810,188.1820,187.2120,188.1210,4916602
369,2023-12-04 12:00:00,188.1260,188.5320,187.9500,188.4310,3251884
368,2023-12-04 13:00:00,188.4300,188.5720,188.2500,188.4260,2690416
367,2023-12-04 14:00:00,188.4250,188.8910,188.2550,188.7720,3078689
366,2023-12-04 15:00:00,188.7700,189.7600,188.4790,189.2100,7523610
365,2023-12-05 10:00:00,192.4150,194.1150,192.3640,194.0130,12978943
364,2023-12-05 11:00:00,194.0180,194.1550,192.3740,192.9690,6880740
363,2023-12-05 12:00:00,192.9740,193.5850,192.7040,193.3740,4982482
362,2023-12-05 13:00:00,193.3840,193.4160,192.6040,192.6650,5181192
361,2023-12-05 14:00:00,192.6650,193.0660,192.5040,192.9750,4131158
360,2023-12-05 15:00:00,192.9750,193.2960,192.6240,193.2540,9024749
359,2023-12-06 10:00:00,192.8950,192.9210,191.9600,192.4080,6548362
358,2023-12-06 11:00:00,192.4250,193.0960,192.2250,192.7950,4209641
357,2023-12-06 12:00:00,192.7850,192.8540,192.4040,192.4550,3170033
356,2023-12-06 13:00:00,192.4450,192.9910,192.1250,192.9040,2834615
355,2023-12-06 14:00:00,192.9050,192.9660,192.5040,192.6650,2572402
354,2023-12-06 15:00:00,192.6680,192.6970,191.8650,192.0860,7081921
353,2023-12-07 10:00:00,193.6440,194.7340,193.6330,194.5460,6422747
352,2023-12-07 11:00:00,194.5520,194.6540,193.7730,194.6230,4388376
351,2023-12-07 12:00:00,194.6220,194.7540,194.2620,194.2680,4137541
350,2023-12-07 13:00:00,194.2730,194.5340,193.9820,194.0730,4688035
349,2023-12-07 14:00:00,194.0730,194.2460,193.8820,193.9040,2696796
348,2023-12-07 15:00:00,193.9030,194.1050,193.7630,193.9930,6261993
347,2023-12-08 10:00:00,193.5740,194.7540,193.5730,194.7320,7135322
346,2023-12-08 11:00:00,194.7270,194.7540,194.0230,194.2030,4102574
345,2023-12-08 12:00:00,194.2080,195.0540,194.0870,194.9220,5804961
344,2023-12-08 13:00:00,194.9320,195.3880,194.7710,195.3650,4510380
343,2023-12-08 14:00:00,195.3710,195.7330,195.2010,195.5810,4762777
342,2023-12-08 15:00:00,195.5860,195.7430,195.1610,195.4720,7829790
341,2023-12-11 10:00:00,192.6550,192.7960,191.4610,191.7160,9497034
340,2023-12-11 11:00:00,191.7210,191.9820,191.1760,191.7360,7254982
339,2023-12-11 12:00:00,191.7260,192.1470,191.5650,191.9700,3691975
338,2023-12-11 13:00:00,191.9760,192.5670,191.9050,192.5400,4250531
337,2023-12-11 14:00:00,192.5430,192.7610,192.4340,192.6500,4084326
336,2023-12-11 15:00:00,192.6550,193.0660,192.5040,192.9450,7733120
335,2023-12-12 10:00:00,192.1740,193.1760,192.0150,192.9650,6991844
334,2023-12-12 11:00:00,192.9700,193.3760,192.8840,193.1890,4211347
333,2023-12-12 12:00:00,193.1890,193.2660,192.8240,193.1840,3167063
332,2023-12-12 13:00:00,193.1840,193.9020,193.1230,193.8150,5016112
331,2023-12-12 14:00:00,193.8180,194.0950,193.7430,193.9960,3992679
330,2023-12-12 15:00:00,194.0030,194.4740,193.9620,194.4230,7821923
329,2023-12-13 10:00:00,195.6510,196.4900,195.5500,196.0730,7551885
328,2023-12-13 11:00:00,196.0810,196.2120,195.4010,195.7010,5628705
327,2023-12-13 12:00:00,195.7060,195.8630,195.2310,195.8460,4098284
326,2023-12-13 13:00:00,195.8460,196.6720,195.4500,196.2210,5873052
325,2023-12-13 14:00:00,196.2300,197.7500,196.2290,197.6590,11463640
324,2023-12-13 15:00:00,197.6640,197.7300,196.3190,197.6290,13203528
323,2023-12-14 10:00:00,198.9370,199.3480,197.8190,198.8670,10782650
322,2023-12-14 11:00:00,198.8720,199.0190,197.5080,197.5470,8283646
321,2023-12-14 12:00:00,197.5440,198.5910,197.3380,197.4590,4998663
320,2023-12-14 13:00:00,197.4590,197.4610,195.9100,196.5480,5641864
319,2023-12-14 14:00:00,196.5450,197.6550,196.5190,197.4640,4812010
318,2023-12-14 15:00:00,197.4690,197.9100,197.3080,197.8890,10163343
317,2023-12-15 10:00:00,197.6390,198.1500,197.1680,197.4260,7615397
316,2023-12-15 11:00:00,197.4290,197.7700,197.0980,197.6840,4742709
315,2023-12-15 12:00:00,197.6890,197.7000,196.9040,196.9200,3938145
314,2023-12-15 13:00:00,196.9110,197.3890,196.7690,197.3090,5768840
313,2023-12-15 14:00:00,197.3140,197.4160,197.0180,197.2290,3146798
312,2023-12-15 15:00:00,197.2240,197.9500,196.7490,196.8700,11438964
311,2023-12-18 10:00:00,194.7020,195.3430,194.3720,194.7130,8625858
310,2023-12-18 11:00:00,194.7020,195.0440,194.4020,194.5880,5178656
309,2023-12-18 12:00:00,194.5870,195.2220,194.5620,195.2120,3401245
308,2023-12-18 13:00:00,195.2170,195.9820,195.2110,195.9560,3674703
307,2023-12-18 14:00:00,195.9610,196.2320,195.7600,196.0110,4147790
306,2023-12-18 15:00:00,196.0210,196.2020,195.5300,195.6140,7241388
305,2023-12-19 10:00:00,196.3300,196.5920,195.8000,196.4750,5434001
304,2023-12-19 11:00:00,196.4750,196.7020,195.9600,196.0360,3931499
303,2023-12-19 12:00:00,196.0360,196.1020,195.7200,196.0010,2731655
302,2023-12-19 13:00:00,195.9960,196.0620,195.7200,195.8360,2321349
301,2023-12-19 14:00:00,195.8410,195.9230,195.7400,195.8460,2374791
300,2023-12-19 15:00:00,195.8510,196.7020,195.7300,196.6700,5899980
299,2023-12-20 10:00:00,197.2590,197.4160,196.9790,197.1340,4874062
298,2023-12-20 11:00:00,197.1340,197.1910,196.7590,197.0530,3804400
297,2023-12-20 12:00:00,197.0590,197.1910,196.9180,197.1590,2764552
296,2023-12-20 13:00:00,197.1590,197.3210,196.9150,196.9850,2943308
295,2023-12-20 14:00:00,196.9790,197.0910,195.4310,195.4720,5230711
294,2023-12-20 15:00:00,195.4710,197.1510,194.5920,194.5930,12155482
293,2023-12-21 10:00:00,195.5310,195.5730,194.0420,194.1930,7680419
292,2023-12-21 11:00:00,194.1880,194.7240,194.0920,194.2430,4418808
291,2023-12-21 12:00:00,194.2440,194.2850,193.4230,193.5040,4842005
290,2023-12-21 13:00:00,193.5040,193.9950,193.2530,193.8140,4080021
289,2023-12-21 14:00:00,193.8130,194.1150,193.5330,193.6440,3630855
288,2023-12-21 15:00:00,193.6440,194.7340,193.5130,194.4330,7451575
287,2023-12-22 10:00:00,194.9820,195.0440,194.0820,194.0980,5152309
286,2023-12-22 11:00:00,194.0930,194.1350,193.7630,193.8840,3736745
285,2023-12-22 12:00:00,193.8930,194.6680,193.5930,194.0030,3438890
284,2023-12-22 13:00:00,194.0120,194.2150,193.7330,193.7540,2795532
283,2023-12-22 14:00:00,193.7630,193.7750,192.7240,193.5540,4402363
282,2023-12-22 15:00:00,193.5640,193.7450,193.2380,193.2840,6551308
281,2023-12-26 10:00:00,193.0090,193.1960,192.6440,192.9800,4155289
280,2023-12-26 11:00:00,192.9820,193.0560,192.6440,192.9800,2660270
279,2023-12-26 12:00:00,192.9740,193.0860,192.7840,192.9350,2570586
278,2023-12-26 13:00:00,192.9350,193.1160,192.5840,192.6450,2344902
277,2023-12-26 14:00:00,192.6450,192.8960,192.6240,192.8000,2317149
276,2023-12-26 15:00:00,192.8050,193.2460,192.6740,192.7950,5498682
275,2023-12-27 10:00:00,192.2100,192.2970,190.8560,191.4270,7267166
274,2023-12-27 11:00:00,191.4350,191.9380,190.8460,191.9000,6171992
273,2023-12-27 12:00:00,191.9060,192.5070,191.8660,192.3950,5431193
272,2023-12-27 13:00:00,192.3950,193.2560,192.3940,193.1360,4581496
271,2023-12-27 14:00:00,193.1340,193.1360,192.5140,192.6750,4230883
270,2023-12-27 15:00:00,192.6750,192.9760,192.4840,192.9450,7287759
269,2023-12-28 10:00:00,193.8480,194.2350,193.4830,193.9640,4923855
268,2023-12-28 11:00:00,193.9640,193.9750,193.6430,193.8840,3054197
267,2023-12-28 12:00:00,193.8780,194.1850,193.6430,193.7340,3220384
266,2023-12-28 13:00:00,193.7290,193.7350,193.3330,193.6250,3143837
265,2023-12-28 14:00:00,193.6290,193.8450,193.6180,193.7280,2276451
264,2023-12-28 15:00:00,193.7240,193.7250,192.9240,193.3340,6997078
263,2023-12-29 10:00:00,193.2590,193.3060,192.4190,192.5100,3974474
262,2023-12-29 11:00:00,192.5150,192.6230,191.6450,192.0760,4184810
261,2023-12-29 12:00:00,192.0810,192.2370,191.4810,191.7110,4253517
260,2023-12-29 13:00:00,191.7110,192.1770,191.6250,192.1260,3585898
259,2023-12-29 14:00:00,192.1310,192.2970,191.8450,192.2260,2979385
258,2023-12-29 15:00:00,192.2300,192.8860,191.7750,192.2760,10090692
503,2024-01-02 10:00:00,186.2830,186.8640,184.9480,185.6540,9904560
502,2024-01-02 11:00:00,185.6440,187.1140,185.6330,186.5070,7086716
501,2024-01-02 12:00:00,186.5130,186.8040,185.6030,185.6420,5834968
500,2024-01-02 13:00:00,185.6490,185.7230,184.5090,184.6740,6250375
499,2024-01-02 14:00:00,184.6680,184.7470,183.7750,183.8160,7189018
498,2024-01-02 15:00:00,183.8110,185.4060,183.6510,185.2900,13963235
497,2024-01-03 10:00:00,184.5350,185.0560,183.2160,183.6270,9495059
496,2024-01-03 11:00:00,183.6210,184.1470,183.2560,183.2770,5895725
495,2024-01-03 12:00:00,183.2720,184.1370,183.1960,184.1010,4413417
494,2024-01-03 13:00:00,184.0960,184.3270,183.9450,184.1360,3582685
493,2024-01-03 14:00:00,184.1260,184.7070,183.5710,184.4160,4970909
492,2024-01-03 15:00:00,184.4150,184.4770,183.5160,184.0060,7229953
491,2024-01-04 10:00:00,181.2490,181.9140,180.6490,181.2600,11622553
490,2024-01-04 11:00:00,181.2590,182.2100,181.0890,181.2100,8353652
489,2024-01-04 12:00:00,181.2090,182.1600,181.1990,182.0040,5525483
488,2024-01-04 13:00:00,181.9980,182.8390,181.9380,182.5180,4744298
487,2024-01-04 14:00:00,182.5180,182.7290,182.0330,182.0690,5245891
486,2024-01-04 15:00:00,182.0780,182.3200,181.1990,181.6890,10503105
485,2024-01-05 10:00:00,181.4790,182.4200,181.4680,182.4180,7312585
484,2024-01-05 11:00:00,182.4280,182.5090,181.6780,181.8710,4312357
483,2024-01-05 12:00:00,181.8790,181.9900,181.0490,181.3600,4806286
482,2024-01-05 13:00:00,181.3630,182.0000,180.9790,181.8040,4450824
481,2024-01-05 14:00:00,181.8040,181.9500,180.1900,180.2560,11723734
480,2024-01-05 15:00:00,180.2610,181.0310,179.9400,180.9500,10676892
479,2024-01-08 10:00:00,183.1770,183.6530,183.0660,183.3520,6711964
478,2024-01-08 11:00:00,183.3570,183.6180,182.9760,183.6020,5036898
477,2024-01-08 12:00:00,183.6060,184.3370,183.0560,184.0210,5920121
476,2024-01-08 13:00:00,184.0170,184.4870,183.7750,184.4760,3206067
475,2024-01-08 14:00:00,184.4850,185.0870,184.3150,184.9360,4651341
474,2024-01-08 15:00:00,184.9420,185.3660,184.6740,185.3140,9508392
473,2024-01-09 10:00:00,183.0220,183.7480,182.7370,183.2600,5569128
472,2024-01-09 11:00:00,183.2570,184.5670,183.2560,184.5550,4733332
471,2024-01-09 12:00:00,184.5600,184.5970,184.1400,184.4860,2865632
470,2024-01-09 13:00:00,184.4850,184.6870,183.8050,184.2460,3348350
469,2024-01-09 14:00:00,184.2560,184.4520,183.9800,184.3760,2927416
468,2024-01-09 15:00:00,184.3850,184.9160,184.1750,184.8950,8233647
467,2024-01-10 10:00:00,184.0260,184.5670,183.6860,184.5380,5306064
466,2024-01-10 11:00:00,184.5440,184.7770,183.8150,184.0360,5363963
465,2024-01-10 12:00:00,184.0570,184.1620,183.8450,184.0860,2641632
464,2024-01-10 13:00:00,184.0910,184.6170,183.8950,184.5450,3104236
463,2024-01-10 14:00:00,184.5550,185.8950,184.5340,185.8810,6779495
462,2024-01-10 15:00:00,185.8840,186.1650,185.0340,185.9140,9285881
461,2024-01-11 10:00:00,184.5000,184.6470,183.3860,184.4450,8214461
460,2024-01-11 11:00:00,184.4350,186.3650,183.6010,183.7070,4981375
459,2024-01-11 12:00:00,183.7160,184.3520,183.6760,184.0860,3823003
458,2024-01-11 13:00:00,184.0860,184.9360,184.0200,184.9170,3540667
457,2024-01-11 14:00:00,184.9250,185.4660,184.7540,185.3050,4047615
456,2024-01-11 15:00:00,185.3040,185.5360,183.8350,185.3440,7543709
455,2024-01-12 10:00:00,185.5340,186.0700,184.9540,185.4590,5500178
454,2024-01-12 11:00:00,185.4690,185.8250,185.1540,185.3370,4216168
453,2024-01-12 12:00:00,185.3340,185.6160,185.1940,185.3870,2646523
452,2024-01-12 13:00:00,185.3940,185.7050,185.3440,185.6540,2320052
451,2024-01-12 14:00:00,185.6590,185.8320,185.0240,185.0800,3648574
450,2024-01-12 15:00:00,185.0750,185.7450,184.9840,185.6840,6578518
449,2024-01-16 10:00:00,181.1300,183.6680,180.7990,183.5470,11784741
448,2024-01-16 11:00:00,183.5460,184.0280,182.5370,182.6680,7932831
447,2024-01-16 12:00:00,182.6580,182.7190,181.9880,182.0240,4865097
446,2024-01-16 13:00:00,182.0280,182.7190,181.9780,182.1630,5583814
445,2024-01-16 14:00:00,182.1680,182.7090,181.9080,182.6680,5427491
444,2024-01-16 15:00:00,182.6680,183.3980,182.6020,183.3770,7029608
443,2024-01-17 10:00:00,181.0100,181.6210,180.9590,181.2690,6884146
442,2024-01-17 11:00:00,181.2640,181.8350,181.2540,181.4990,5015752
441,2024-01-17 12:00:00,181.5090,182.1000,181.5080,182.0090,3659950
440,2024-01-17 13:00:00,181.9990,182.3050,181.1390,181.8540,5466004
439,2024-01-17 14:00:00,181.8590,182.4500,181.7700,181.9640,4519663
438,2024-01-17 15:00:00,181.9690,182.6990,181.8180,182.4280,6486110
437,2024-01-18 10:00:00,187.1220,187.9230,186.3570,187.8490,11357926
436,2024-01-18 11:00:00,187.8510,188.7220,187.3210,188.2320,10200601
435,2024-01-18 12:00:00,188.2460,188.2920,187.2610,187.6120,6539433
434,2024-01-18 13:00:00,187.6110,188.0230,186.5120,187.9210,6694677
433,2024-01-18 14:00:00,187.9310,188.9010,187.9200,188.7350,7117889
432,2024-01-18 15:00:00,188.7400,188.8910,188.2700,188.4900,10150099
431,2024-01-19 10:00:00,189.3490,189.9200,188.6690,189.5490,8681832
430,2024-01-19 11:00:00,189.5390,189.8200,189.0890,189.7340,5742483
429,2024-01-19 12:00:00,189.7340,190.3990,189.6580,190.3230,5765469
428,2024-01-19 13:00:00,190.3230,191.2080,190.2520,191.1710,7690914
427,2024-01-19 14:00:00,191.1670,191.7080,190.9260,191.4070,7261285
426,2024-01-19 15:00:00,191.4100,191.5780,191.0760,191.3370,8733470
425,2024-01-22 10:00:00,194.2130,195.0840,192.1150,193.1790,12727730
424,2024-01-22 11:00:00,193.2020,193.7450,192.9040,193.4440,5785515
423,2024-01-22 12:00:00,193.4740,193.8210,192.7840,193.6790,4959786
422,2024-01-22 13:00:00,193.6840,194.2550,193.4130,194.2430,4916970
421,2024-01-22 14:00:00,194.2430,194.3250,193.6930,193.8340,4486117
420,2024-01-22 15:00:00,193.8330,193.8630,193.2130,193.6240,7120351
419,2024-01-23 10:00:00,194.5520,194.6940,193.5830,194.0530,6540469
418,2024-01-23 11:00:00,194.0480,194.4740,193.9320,194.3930,4330440
417,2024-01-23 12:00:00,194.3830,194.9640,194.2470,194.8920,3559109
416,2024-01-23 13:00:00,194.9020,194.9940,194.5020,194.5560,4180513
415,2024-01-23 14:00:00,194.5620,194.7840,194.3220,194.6930,3576506
414,2024-01-23 15:00:00,194.6970,195.0040,194.4120,194.9020,7626542
413,2024-01-24 10:00:00,194.8320,196.0920,194.4120,195.6610,8195229
412,2024-01-24 11:00:00,195.6610,195.7430,195.0210,195.6110,7039797
411,2024-01-24 12:00:00,195.6110,195.8330,195.2610,195.4970,4084289
410,2024-01-24 13:00:00,195.4910,195.4930,194.8910,195.0420,5390445
409,2024-01-24 14:00:00,195.0340,195.1430,194.4420,194.6630,4576776
408,2024-01-24 15:00:00,194.6620,194.8840,194.0920,194.2630,7506616
407,2024-01-25 10:00:00,194.5720,195.3830,194.3820,195.2220,6675228
406,2024-01-25 11:00:00,195.2320,196.0200,194.9110,195.7090,5904017
405,2024-01-25 12:00:00,195.7110,195.8090,195.2810,195.5560,4526873
404,2024-01-25 13:00:00,195.5560,195.7100,193.8030,193.8790,8876597
403,2024-01-25 14:00:00,193.8730,193.8750,192.8660,193.3140,5705193
402,2024-01-25 15:00:00,193.3040,194.0650,193.2030,193.9440,7334125
401,2024-01-26 10:00:00,194.3930,194.5140,193.9420,194.2780,5060936
400,2024-01-26 11:00:00,194.2730,194.3250,193.6630,193.7940,3680077
399,2024-01-26 12:00:00,193.7930,193.8350,192.2150,192.2240,5740538
398,2024-01-26 13:00:00,192.2150,192.5170,192.0250,192.2070,4025723
397,2024-01-26 14:00:00,192.2100,192.7270,192.0950,192.6650,3109525
396,2024-01-26 15:00:00,192.6750,192.7320,191.6950,192.1760,8756752
395,2024-01-29 10:00:00,190.5380,191.7580,190.2470,190.3480,6238236
394,2024-01-29 11:00:00,190.3480,190.7870,190.1570,190.5330,4282311
393,2024-01-29 12:00:00,190.5380,190.9190,190.4770,190.8080,3415916
392,2024-01-29 13:00:00,190.8270,191.1490,190.6900,191.0270,2655575
391,2024-01-29 14:00:00,191.0270,191.4280,190.9960,191.1320,4093894
390,2024-01-29 15:00:00,191.1370,191.9580,191.1260,191.5370,8400277
389,2024-01-30 10:00:00,190.8570,190.9290,187.9800,188.2510,12460313
388,2024-01-30 11:00:00,188.2500,188.7020,187.6250,188.4810,7654655
387,2024-01-30 12:00:00,188.4900,188.6920,187.6300,187.6320,4927776
386,2024-01-30 13:00:00,187.6330,188.4020,187.4410,187.7810,4248011
385,2024-01-30 14:00:00,187.7810,188.0420,187.2310,187.9910,4853266
384,2024-01-30 15:00:00,187.9860,188.0320,187.5610,187.7410,7624828
383,2024-01-31 10:00:00,184.9550,185.5460,184.6640,185.0550,6762055
382,2024-01-31 11:00:00,185.0650,185.6360,185.0590,185.4490,3897066
381,2024-01-31 12:00:00,185.4490,186.7640,185.3750,186.0890,3641418
380,2024-01-31 13:00:00,186.0930,186.2950,185.8380,185.9440,3259321
379,2024-01-31 14:00:00,185.9330,186.7040,185.0240,185.7340,5922259
378,2024-01-31 15:00:00,185.7440,185.7950,184.1150,184.1260,9880076
623,2024-02-01 10:00:00,185.2240,186.0730,184.6640,185.1350,7298367
622,2024-02-01 11:00:00,185.1340,185.8340,185.0540,185.4460,4707093
621,2024-02-01 12:00:00,185.4440,186.2030,185.4040,185.8830,4936902
620,2024-02-01 13:00:00,185.8930,185.9530,185.0240,185.5590,4053211
619,2024-02-01 14:00:00,185.5640,186.3830,185.3140,186.2380,4876370
618,2024-02-01 15:00:00,186.2330,186.7130,186.0430,186.6520,10210611
617,2024-02-02 10:00:00,182.2700,185.7040,182.2080,185.4290,17035414
616,2024-02-02 11:00:00,185.4340,187.0920,181.8180,186.0930,13472910
615,2024-02-02 12:00:00,186.0980,186.8820,184.8840,185.0390,8360114
614,2024-02-02 13:00:00,185.0390,186.0030,184.6190,185.6780,7109133
613,2024-02-02 14:00:00,185.6930,186.7820,185.3540,186.7420,5561602
612,2024-02-02 15:00:00,186.7520,186.8320,185.5930,185.6030,11915108
611,2024-02-05 10:00:00,186.3230,188.1210,185.8730,186.6570,11646697
610,2024-02-05 11:00:00,186.6520,187.8660,186.5420,187.7460,7086419
609,2024-02-05 12:00:00,187.7410,189.0100,186.0030,188.8240,7768079
608,2024-02-05 13:00:00,188.8290,188.8350,188.2900,188.4800,5113715
607,2024-02-05 14:00:00,188.4750,188.6600,188.1300,188.2780,5039982
606,2024-02-05 15:00:00,188.2800,188.3900,187.4010,187.4210,9108658
605,2024-02-06 10:00:00,187.7210,188.0710,187.0310,187.4860,6895349
604,2024-02-06 11:00:00,187.4710,188.7800,187.4610,188.5750,5592898
603,2024-02-06 12:00:00,188.5800,188.9000,188.1900,188.2900,3851260
602,2024-02-06 13:00:00,188.3000,188.7600,188.2720,188.5350,3555724
601,2024-02-06 14:00:00,188.5350,188.5760,187.9900,188.3300,3009603
600,2024-02-06 15:00:00,188.3400,189.0700,187.9300,189.0490,6495160
599,2024-02-07 10:00:00,188.7640,190.4190,188.3700,189.4190,8898546
598,2024-02-07 11:00:00,189.4190,189.4790,188.5650,188.8940,5755875
597,2024-02-07 12:00:00,188.8990,188.9800,188.4100,188.7560,3972122
596,2024-02-07 13:00:00,188.7590,189.0550,188.4900,188.9590,3866433
595,2024-02-07 14:00:00,188.9590,189.1690,188.6490,189.0190,3632341
594,2024-02-07 15:00:00,189.0240,189.1790,188.6940,189.1690,7893910
593,2024-02-08 10:00:00,188.7100,188.7200,187.1110,187.8760,7827939
592,2024-02-08 11:00:00,187.8710,188.6210,187.5910,188.1600,4460416
591,2024-02-08 12:00:00,188.1600,188.5100,187.8200,187.8460,3186395
590,2024-02-08 13:00:00,187.8460,188.1210,187.7610,187.9010,3464863
589,2024-02-08 14:00:00,187.9110,188.0610,187.7510,187.9400,2974140
588,2024-02-08 15:00:00,187.9370,188.2060,187.8300,188.1000,6171385
587,2024-02-09 10:00:00,188.6700,188.8380,188.3550,188.6760,5541163
586,2024-02-09 11:00:00,188.6850,189.9900,188.6800,189.7700,8025110
585,2024-02-09 12:00:00,189.7750,189.8400,189.1000,189.6480,4756664
584,2024-02-09 13:00:00,189.6450,189.6600,189.0400,189.0800,3798463
583,2024-02-09 14:00:00,189.0800,189.0800,188.7000,188.9440,3529914
582,2024-02-09 15:00:00,188.9500,188.9650,188.5650,188.8300,6507619
581,2024-02-12 10:00:00,187.9850,188.0600,187.3800,187.7900,5923518
580,2024-02-12 11:00:00,187.7950,188.1800,187.6900,188.0050,3448536
579,2024-02-12 12:00:00,188.0150,188.2100,187.7000,188.1600,2961881
578,2024-02-12 13:00:00,188.1600,188.3700,187.5500,187.9900,3337495
577,2024-02-12 14:00:00,187.9850,188.0380,186.9200,186.9900,3775380
576,2024-02-12 15:00:00,186.9800,187.4500,186.7900,187.1800,6771271
575,2024-02-13 10:00:00,185.1500,186.1900,184.7600,185.8500,7013174
574,2024-02-13 11:00:00,185.8500,186.0250,185.2700,185.4100,4083304
573,2024-02-13 12:00:00,185.4100,185.7700,185.1100,185.1600,3194923
572,2024-02-13 13:00:00,185.1500,185.4400,184.9600,185.0000,3464410
571,2024-02-13 14:00:00,184.9900,184.9950,183.7930,183.8600,5338881
570,2024-02-13 15:00:00,183.8550,185.2000,183.5130,185.0300,10051493
569,2024-02-14 10:00:00,184.0300,184.2700,183.1100,183.1800,8523461
568,2024-02-14 11:00:00,183.1850,183.6000,182.8040,182.9950,5787582
567,2024-02-14 12:00:00,183.0000,183.0150,182.5100,182.7150,4688803
566,2024-02-14 13:00:00,182.7200,183.1600,182.4400,182.9500,4189535
565,2024-02-14 14:00:00,182.9500,183.2100,182.4900,182.9180,4362765
564,2024-02-14 15:00:00,182.9200,184.2700,182.8300,184.0200,8670212
563,2024-02-15 10:00:00,182.0800,182.6700,181.3500,182.0350,9555125
562,2024-02-15 11:00:00,182.0350,182.1600,181.5500,181.7400,5270818
561,2024-02-15 12:00:00,181.7320,182.2500,181.6400,181.7900,4084381
560,2024-02-15 13:00:00,181.7900,182.4600,181.6650,182.1200,5029327
559,2024-02-15 14:00:00,182.1200,182.3650,181.7400,182.3510,4784701
558,2024-02-15 15:00:00,182.3570,184.4900,182.1000,183.9500,14739576
557,2024-02-16 10:00:00,182.3000,183.3600,181.8600,183.0600,8373768
556,2024-02-16 11:00:00,183.0600,183.4470,182.8400,183.1000,4414809
555,2024-02-16 12:00:00,183.0900,183.1500,182.6350,182.7400,2958713
554,2024-02-16 13:00:00,182.7310,182.9100,182.4800,182.8970,3724483
553,2024-02-16 14:00:00,182.9000,183.1970,182.0300,182.2000,3901621
552,2024-02-16 15:00:00,182.1900,182.4200,181.6650,182.2900,7154122
551,2024-02-20 10:00:00,180.8300,180.8350,180.0000,180.7350,7611966
550,2024-02-20 11:00:00,180.7300,181.3700,180.7000,181.0850,5523252
549,2024-02-20 12:00:00,181.1000,181.1260,180.4900,180.7550,4275220
548,2024-02-20 13:00:00,180.7450,180.9500,180.4000,180.7300,3457599
547,2024-02-20 14:00:00,180.7300,180.9100,180.4100,180.9000,3173429
546,2024-02-20 15:00:00,180.9100,181.6600,180.8600,181.6200,8604483
545,2024-02-21 10:00:00,182.5400,182.8500,182.1300,182.1600,5441999
544,2024-02-21 11:00:00,182.1600,182.5900,181.9800,182.1200,3925067
543,2024-02-21 12:00:00,182.1200,182.1250,181.1800,181.5400,3374868
542,2024-02-21 13:00:00,181.5300,181.7250,181.0600,181.2940,3152041
541,2024-02-21 14:00:00,181.2920,181.4700,180.6600,181.0200,4248652
540,2024-02-21 15:00:00,181.0100,182.3900,180.7580,182.3200,6571084
539,2024-02-22 10:00:00,183.1300,183.4900,182.7000,182.8600,6324942
538,2024-02-22 11:00:00,182.8700,183.2600,182.4600,182.9500,4338765
537,2024-02-22 12:00:00,182.9500,183.6500,182.7400,183.6200,4040933
536,2024-02-22 13:00:00,183.6100,184.2900,183.1460,184.2180,4632346
535,2024-02-22 14:00:00,184.2100,184.9550,184.1900,184.5450,4975194
534,2024-02-22 15:00:00,184.5500,184.8500,184.1800,184.3600,10666275
533,2024-02-23 10:00:00,183.8800,183.9400,182.8000,183.3900,6109192
532,2024-02-23 11:00:00,183.3900,185.0000,182.6400,182.9200,4824443
531,2024-02-23 12:00:00,182.9150,183.0300,182.3100,182.8030,3885574
530,2024-02-23 13:00:00,182.8050,182.9700,182.6000,182.7250,6412824
529,2024-02-23 14:00:00,182.7300,182.7700,182.4300,182.6150,3242769
528,2024-02-23 15:00:00,182.6100,182.8200,182.2300,182.5200,7672664
527,2024-02-26 10:00:00,181.5200,181.8500,181.2000,181.2400,5344435
526,2024-02-26 11:00:00,181.2350,181.2700,180.7400,181.2050,5201509
525,2024-02-26 12:00:00,181.2050,181.2100,180.6500,180.8050,3364416
524,2024-02-26 13:00:00,180.8050,181.3900,180.7100,181.3900,3790360
523,2024-02-26 14:00:00,181.3850,181.7800,181.3350,181.4900,3518068
522,2024-02-26 15:00:00,181.5000,181.6100,181.0750,181.1400,5901379
521,2024-02-27 10:00:00,180.9300,181.6700,180.7150,181.0800,5022041
520,2024-02-27 11:00:00,181.0850,181.1200,180.7250,180.8200,2889480
519,2024-02-27 12:00:00,180.8230,181.0100,180.1100,180.1800,3156055
518,2024-02-27 13:00:00,180.1800,180.4900,179.5600,180.4600,4497482
517,2024-02-27 14:00:00,180.4650,183.9220,180.4300,182.9450,15764753
516,2024-02-27 15:00:00,182.9500,183.0000,182.1800,182.6300,10881426
515,2024-02-28 10:00:00,181.3000,181.8900,180.9600,181.3000,6791202
514,2024-02-28 11:00:00,181.3100,181.7650,181.1500,181.2400,4775556
513,2024-02-28 12:00:00,181.2400,181.4100,180.1900,180.2160,7121431
512,2024-02-28 13:00:00,180.2100,180.8800,180.1300,180.8800,4486066
511,2024-02-28 14:00:00,180.8800,180.9300,180.3500,180.7200,4174563
510,2024-02-28 15:00:00,180.7200,181.4700,180.5400,181.4200,7699620
509,2024-02-29 10:00:00,181.5000,182.1350,180.7100,180.9500,8703136
508,2024-02-29 11:00:00,180.9550,180.9650,179.5300,180.1100,8546118
507,2024-02-29 12:00:00,180.1050,180.3100,179.6500,180.1450,7608293
506,2024-02-29 13:00:00,180.1450,180.8000,179.6800,180.0850,6390379
505,2024-02-29 14:00:00,180.0850,180.4900,179.8600,180.2000,5899837
504,2024-02-29 15:00:00,180.2000,181.1100,179.5700,180.7700,16801011
647,2024-03-01 10:00:00,179.2400,180.4000,177.6700,178.2950,15653372
646,2024-03-01 11:00:00,178.2950,178.4700,177.7200,177.9350,8243681
645,2024-03-01 12:00:00,177.9350,179.0700,177.3800,178.5240,7989343
644,2024-03-01 13:00:00,178.5300,179.3900,178.3300,179.3200,6738458
643,2024-03-01 14:00:00,179.3150,180.2200,179.3000,180.0050,7251119
642,2024-03-01 15:00:00,180.0050,180.0100,179.4150,179.6300,9356044
641,2024-03-04 10:00:00,174.9600,175.9290,173.9000,174.8300,14265584
640,2024-03-04 11:00:00,174.8350,175.8950,174.1000,174.1200,8672800
639,2024-03-04 12:00:00,174.1110,174.7000,174.0100,174.0500,7365810
638,2024-03-04 13:00:00,174.0500,174.5050,173.7900,174.2050,7869144
637,2024-03-04 14:00:00,174.2000,175.6450,173.9800,175.3250,8209663
636,2024-03-04 15:00:00,175.3250,175.5000,174.9500,175.0900,10421539
635,2024-03-05 10:00:00,170.5000,171.0000,169.6200,170.4100,17072508
634,2024-03-05 11:00:00,170.4100,170.8200,169.8600,170.2500,8908343
633,2024-03-05 12:00:00,170.2500,170.8950,170.1100,170.2980,7426437
632,2024-03-05 13:00:00,170.3000,170.7600,169.9500,169.9850,7028687
631,2024-03-05 14:00:00,169.9900,170.5870,169.7900,170.0450,7494579
630,2024-03-05 15:00:00,170.0400,170.2500,169.8000,170.1700,13308330
629,2024-03-06 10:00:00,169.8050,170.0500,168.9800,169.5450,9421609
628,2024-03-06 11:00:00,169.5500,170.0100,169.3150,169.7450,6727904
627,2024-03-06 12:00:00,169.7500,170.3500,169.7000,170.1210,6377049
626,2024-03-06 13:00:00,170.1250,170.2250,169.0400,169.3800,5969612
625,2024-03-06 14:00:00,169.3800,169.5000,168.6800,168.8400,6853077
624,2024-03-06 15:00:00,168.8300,169.4000,168.7500,169.1200,8865828
